HUC8,HUC4,region
1010002,101,NE
1010003,101,NE
1010004,101,NE
1010005,101,NE
1010006,101,NE
1010007,101,NE
1010008,101,NE
1010009,101,NE
1010010,101,NE
1010011,101,NE
1020001,102,NE
1020002,102,NE
1020003,102,NE
1020004,102,NE
1020005,102,NE
1030001,103,NE
1030002,103,NE
1030003,103,NE
1040001,104,NE
1040002,104,NE
1050001,105,
1050002,105,
1050003,105,
1050004,105,
1060001,106,NE
1060002,106,NE
1060003,106,NE
1070001,107,NE
1070002,107,NE
1070003,107,NE
1070004,107,NE
1070005,107,NE
1070006,107,NE
1080101,108,NE
1080102,108,NE
1080103,108,NE
1080104,108,NE
1080105,108,NE
1080106,108,NE
1080107,108,NE
1080201,108,NE
1080202,108,NE
1080203,108,NE
1080204,108,NE
1080205,108,NE
1080206,108,NE
1080207,108,NE
1090001,109,NE
1090002,109,NE
1090003,109,NE
1090004,109,NE
1090005,109,NE
1100001,110,
1100002,110,
1100003,110,
1100004,110,
1100005,110,
1100006,110,
2020001,202,NE
2020002,202,NE
2020003,202,NE
2020004,202,NE
2020005,202,NE
2020006,202,NE
2020007,202,NE
2020008,202,NE
2030101,203,
2030102,203,
2030103,203,
2030104,203,
2030105,203,
2030201,203,
2030202,203,
2030203,203,
2040101,204,
2040102,204,
2040103,204,
2040104,204,
2040105,204,
2040106,204,
2040201,204,
2040202,204,
2040203,204,
2040204,204,
2040205,204,
2040206,204,
2040207,204,
2040301,204,
2040302,204,
2040303,204,
2040304,204,
2050101,205,
2050102,205,
2050103,205,
2050104,205,
2050105,205,
2050106,205,
2050107,205,
2050201,205,
2050202,205,
2050203,205,
2050204,205,
2050205,205,
2050206,205,
2050301,205,
2050302,205,
2050303,205,
2050304,205,
2050305,205,
2050306,205,
2060001,206,
2060002,206,
2060003,206,
2060004,206,
2060005,206,
2060006,206,
2070001,207,
2070002,207,
2070003,207,
2070004,207,
2070005,207,
2070006,207,
2070007,207,
2070008,207,
2070009,207,
2070010,207,
2070011,207,
2080101,208,
2080102,208,
2080103,208,
2080104,208,
2080105,208,
2080106,208,
2080107,208,
2080108,208,
2080109,208,
2080110,208,
2080111,208,
2080201,208,
2080202,208,
2080203,208,
2080204,208,
2080205,208,
2080206,208,
2080207,208,
2080208,208,
3010101,301,
3010102,301,
3010103,301,
3010104,301,
3010105,301,
3010106,301,
3010107,301,
3010201,301,
3010202,301,
3010203,301,
3010204,301,
3010205,301,
3020101,302,SE
3020102,302,SE
3020103,302,SE
3020104,302,SE
3020105,302,SE
3020201,302,SE
3020202,302,SE
3020203,302,SE
3020204,302,SE
3020301,302,SE
3020302,302,SE
3030002,303,SE
3030003,303,SE
3030004,303,SE
3030005,303,SE
3030006,303,SE
3030007,303,SE
3040101,304,SE
3040102,304,SE
3040103,304,SE
3040104,304,SE
3040105,304,SE
3040201,304,SE
3040202,304,SE
3040203,304,SE
3040204,304,SE
3040205,304,SE
3040206,304,SE
3040207,304,SE
3040208,304,SE
3050101,305,
3050102,305,
3050103,305,
3050104,305,
3050105,305,
3050106,305,
3050107,305,
3050108,305,
3050109,305,
3050110,305,
3050111,305,
3050112,305,
3050201,305,
3050202,305,
3050203,305,
3050204,305,
3050205,305,
3050206,305,
3050207,305,
3050208,305,
3050209,305,
3050210,305,
3060101,306,SE
3060102,306,SE
3060103,306,SE
3060104,306,SE
3060105,306,SE
3060106,306,SE
3060107,306,SE
3060108,306,SE
3060109,306,SE
3060110,306,SE
3060201,306,SE
3060202,306,SE
3060203,306,SE
3060204,306,SE
3070101,307,SE
3070102,307,SE
3070103,307,SE
3070104,307,SE
3070105,307,SE
3070106,307,SE
3070107,307,SE
3070201,307,SE
3070202,307,SE
3070203,307,SE
3070204,307,SE
3070205,307,SE
3080101,308,SE
3080102,308,SE
3080103,308,SE
3080201,308,SE
3080202,308,SE
3080203,308,SE
3090101,309,
3090102,309,
3090103,309,
3090201,309,
3090202,309,
3090203,309,
3090204,309,
3090205,309,
3090206,309,
3100101,310,SE
3100102,310,SE
3100103,310,SE
3100201,310,SE
3100202,310,SE
3100203,310,SE
3100204,310,SE
3100205,310,SE
3100206,310,SE
3100207,310,SE
3100208,310,SE
3110101,311,SE
3110102,311,SE
3110103,311,SE
3110201,311,SE
3110202,311,SE
3110203,311,SE
3110204,311,SE
3110205,311,SE
3110206,311,SE
3120001,312,SE
3120002,312,SE
3120003,312,SE
3130001,313,SE
3130002,313,SE
3130003,313,SE
3130004,313,SE
3130005,313,SE
3130006,313,SE
3130007,313,SE
3130008,313,SE
3130009,313,SE
3130010,313,SE
3130011,313,SE
3130012,313,SE
3130013,313,SE
3130014,313,SE
3140101,314,SE
3140102,314,SE
3140103,314,SE
3140104,314,SE
3140105,314,SE
3140106,314,SE
3140107,314,SE
3140201,314,SE
3140202,314,SE
3140203,314,SE
3140301,314,SE
3140302,314,SE
3140303,314,SE
3140304,314,SE
3140305,314,SE
3150101,315,SE
3150102,315,SE
3150103,315,SE
3150104,315,SE
3150105,315,SE
3150106,315,SE
3150107,315,SE
3150108,315,SE
3150109,315,SE
3150110,315,SE
3150201,315,SE
3150202,315,SE
3150203,315,SE
3150204,315,SE
3160101,316,
3160102,316,
3160103,316,
3160104,316,
3160105,316,
3160106,316,
3160107,316,
3160108,316,
3160109,316,
3160110,316,
3160111,316,
3160112,316,
3160113,316,
3160201,316,
3160202,316,
3160203,316,
3160204,316,
3160205,316,
3170001,317,SE
3170002,317,SE
3170003,317,SE
3170004,317,SE
3170005,317,SE
3170006,317,SE
3170007,317,SE
3170008,317,SE
3170009,317,SE
3180001,318,SE
3180002,318,SE
3180003,318,SE
3180004,318,SE
3180005,318,SE
4010101,401,
4010102,401,
4010201,401,
4010202,401,
4010301,401,
4010302,401,
4020101,402,
4020102,402,
4020103,402,
4020104,402,
4020105,402,
4020201,402,
4020202,402,
4020203,402,
4020300,402,
4030101,403,
4030102,403,
4030103,403,
4030104,403,
4030105,403,
4030106,403,
4030107,403,
4030108,403,
4030109,403,
4030110,403,
4030111,403,
4030112,403,
4030201,403,
4030202,403,
4030203,403,
4030204,403,
4040001,404,
4040002,404,
4040003,404,
4050001,405,
4050002,405,
4050003,405,
4050004,405,
4050005,405,
4050006,405,
4050007,405,
4060101,406,
4060102,406,
4060103,406,
4060104,406,
4060105,406,
4060106,406,
4060107,406,
4060200,406,
4070001,407,
4070002,407,
4070003,407,
4070004,407,
4070005,407,
4070006,407,
4070007,407,
4080101,408,
4080102,408,
4080103,408,
4080104,408,
4080201,408,
4080202,408,
4080203,408,
4080204,408,
4080205,408,
4080206,408,
4080300,408,
4090001,409,
4090002,409,
4090003,409,
4090004,409,
4090005,409,
4100001,410,
4100002,410,
4100003,410,
4100004,410,
4100005,410,
4100006,410,
4100007,410,
4100008,410,
4100009,410,
4100010,410,
4100011,410,
4100012,410,
4110001,411,
4110002,411,
4110003,411,
4110004,411,
4120101,412,
4120102,412,
4120103,412,
4120104,412,
4120200,412,
4130001,413,
4130002,413,
4130003,413,
4140101,414,NE
4140102,414,NE
4140201,414,NE
4140202,414,NE
4140203,414,NE
4150101,415,NE
4150102,415,NE
4150200,415,NE
4150302,415,NE
4150303,415,NE
4150304,415,NE
4150305,415,NE
4150306,415,NE
4150307,415,NE
4150308,415,NE
4150309,415,NE
4150310,415,NE
4150401,415,NE
4150402,415,NE
4150403,415,NE
4150404,415,NE
4150405,415,NE
4150406,415,NE
4150407,415,NE
4150408,415,NE
4150409,415,NE
4150500,415,NE
4150600,415,NE
5010001,501,
5010002,501,
5010003,501,
5010004,501,
5010005,501,
5010006,501,
5010007,501,
5010008,501,
5010009,501,
5020001,502,
5020002,502,
5020003,502,
5020004,502,
5020005,502,
5020006,502,
5030101,503,
5030102,503,
5030103,503,
5030104,503,
5030105,503,
5030106,503,
5030201,503,
5030202,503,
5030203,503,
5030204,503,
5040001,504,
5040002,504,
5040003,504,
5040004,504,
5040005,504,
5040006,504,
5050001,505,
5050002,505,
5050003,505,
5050004,505,
5050005,505,
5050006,505,
5050007,505,
5050008,505,
5050009,505,
5060001,506,
5060002,506,
5060003,506,
5070101,507,
5070102,507,
5070201,507,
5070202,507,
5070203,507,
5070204,507,
5080001,508,
5080002,508,
5080003,508,
5090101,509,
5090102,509,
5090103,509,
5090104,509,
5090201,509,
5090202,509,
5090203,509,
5100101,510,
5100102,510,
5100201,510,
5100202,510,
5100203,510,
5100204,510,
5100205,510,
5110001,511,
5110002,511,
5110003,511,
5110004,511,
5110005,511,
5110006,511,
5120101,512,
5120102,512,
5120103,512,
5120104,512,
5120105,512,
5120106,512,
5120107,512,
5120108,512,
5120109,512,
5120110,512,
5120111,512,
5120112,512,
5120113,512,
5120114,512,
5120115,512,
5120201,512,
5120202,512,
5120203,512,
5120204,512,
5120205,512,
5120206,512,
5120207,512,
5120208,512,
5120209,512,
5130101,513,
5130102,513,
5130103,513,
5130104,513,
5130105,513,
5130106,513,
5130107,513,
5130108,513,
5130201,513,
5130202,513,
5130203,513,
5130204,513,
5130205,513,
5130206,513,
5140101,514,
5140102,514,
5140103,514,
5140104,514,
5140201,514,
5140202,514,
5140203,514,
5140204,514,
5140205,514,
5140206,514,
6010101,601,
6010102,601,
6010103,601,
6010104,601,
6010105,601,
6010106,601,
6010107,601,
6010108,601,
6010201,601,
6010202,601,
6010203,601,
6010204,601,
6010205,601,
6010206,601,
6010207,601,
6010208,601,
6020001,602,
6020002,602,
6020003,602,
6020004,602,
6030001,603,
6030002,603,
6030003,603,
6030004,603,
6030005,603,
6030006,603,
6040001,604,
6040002,604,
6040003,604,
6040004,604,
6040005,604,
6040006,604,
7010101,701,
7010102,701,
7010103,701,
7010104,701,
7010105,701,
7010106,701,
7010107,701,
7010108,701,
7010201,701,
7010202,701,
7010203,701,
7010204,701,
7010205,701,
7010206,701,
7010207,701,
7020001,702,
7020002,702,
7020003,702,
7020004,702,
7020005,702,
7020006,702,
7020007,702,
7020008,702,
7020009,702,
7020010,702,
7020011,702,
7020012,702,
7030001,703,
7030002,703,
7030003,703,
7030004,703,
7030005,703,
7040001,704,
7040002,704,
7040003,704,
7040004,704,
7040005,704,
7040006,704,
7040007,704,
7040008,704,
7050001,705,
7050002,705,
7050003,705,
7050004,705,
7050005,705,
7050006,705,
7050007,705,
7060001,706,
7060002,706,
7060003,706,
7060004,706,
7060005,706,
7060006,706,
7070001,707,
7070002,707,
7070003,707,
7070004,707,
7070005,707,
7070006,707,
7080101,708,
7080102,708,
7080103,708,
7080104,708,
7080105,708,
7080106,708,
7080107,708,
7080201,708,
7080202,708,
7080203,708,
7080204,708,
7080205,708,
7080206,708,
7080207,708,
7080208,708,
7080209,708,
7090001,709,
7090002,709,
7090003,709,
7090004,709,
7090005,709,
7090006,709,
7090007,709,
7100001,710,
7100002,710,
7100003,710,
7100004,710,
7100005,710,
7100006,710,
7100007,710,
7100008,710,
7100009,710,
7110001,711,
7110002,711,
7110003,711,
7110004,711,
7110005,711,
7110006,711,
7110007,711,
7110008,711,
7110009,711,
7120001,712,
7120002,712,
7120003,712,
7120004,712,
7120005,712,
7120006,712,
7120007,712,
7130001,713,
7130002,713,
7130003,713,
7130004,713,
7130005,713,
7130006,713,
7130007,713,
7130008,713,
7130009,713,
7130010,713,
7130011,713,
7130012,713,
7140101,714,
7140102,714,
7140103,714,
7140104,714,
7140105,714,
7140106,714,
7140107,714,
7140108,714,
7140201,714,
7140202,714,
7140203,714,
7140204,714,
8010100,801,
8010201,801,
8010202,801,
8010203,801,
8010204,801,
8010205,801,
8010206,801,
8010207,801,
8010208,801,
8010209,801,
8010210,801,
8010211,801,
8010300,801,
8020100,802,
8020202,802,
8020203,802,
8020204,802,
8020205,802,
8020301,802,
8020302,802,
8020303,802,
8020304,802,
8020401,802,
8020402,802,
8030100,803,
8030201,803,
8030202,803,
8030203,803,
8030204,803,
8030205,803,
8030206,803,
8030207,803,
8030208,803,
8030209,803,
8040101,804,
8040102,804,
8040103,804,
8040201,804,
8040202,804,
8040203,804,
8040204,804,
8040205,804,
8040206,804,
8040207,804,
8040301,804,
8040302,804,
8040303,804,
8040304,804,
8040305,804,
8040306,804,
8050001,805,SE
8050002,805,SE
8050003,805,SE
8060100,806,
8060201,806,
8060202,806,
8060203,806,
8060204,806,
8060205,806,
8060206,806,
8070100,807,SE
8070201,807,SE
8070202,807,SE
8070203,807,SE
8070204,807,SE
8070205,807,SE
8070300,807,SE
8080101,808,
8080102,808,
8080103,808,
8080201,808,
8080202,808,
8080203,808,
8080204,808,
8080205,808,
8080206,808,
8090100,809,
8090201,809,
8090202,809,
8090203,809,
8090301,809,
8090302,809,
9010002,901,
9010003,901,
9010004,901,
9010005,901,
9010006,901,
9010007,901,
9010008,901,
9010009,901,
9020101,902,
9020102,902,
9020103,902,
9020104,902,
9020105,902,
9020106,902,
9020107,902,
9020108,902,
9020109,902,
9020201,902,
9020202,902,
9020203,902,
9020204,902,
9020205,902,
9020301,902,
9020302,902,
9020303,902,
9020304,902,
9020305,902,
9020306,902,
9020307,902,
9020308,902,
9020309,902,
9020310,902,
9020311,902,
9020312,902,
9020314,902,
9020315,902,
9020316,902,
9020317,902,
9020318,902,
9020319,902,
9030001,903,
9030002,903,
9030003,903,
9030005,903,
9030006,903,
9030007,903,
9030008,903,
9030009,903,
9030010,903,
9030011,903,
9040001,904,
9040002,904,
9040003,904,
9040004,904,
10020001,1002,NW
10020002,1002,NW
10020003,1002,NW
10020004,1002,NW
10020005,1002,NW
10020006,1002,NW
10020007,1002,NW
10020008,1002,NW
10030101,1003,
10030102,1003,
10030103,1003,
10030104,1003,
10030105,1003,
10030201,1003,
10030202,1003,
10030203,1003,
10030204,1003,
10030205,1003,
10040101,1004,
10040102,1004,
10040103,1004,
10040104,1004,
10040105,1004,
10040106,1004,
10040201,1004,
10040202,1004,
10040203,1004,
10040204,1004,
10040205,1004,
10050001,1005,
10050002,1005,
10050003,1005,
10050004,1005,
10050005,1005,
10050006,1005,
10050007,1005,
10050008,1005,
10050009,1005,
10050010,1005,
10050011,1005,
10050012,1005,
10050013,1005,
10050014,1005,
10050015,1005,
10050016,1005,
10060001,1006,
10060002,1006,
10060003,1006,
10060004,1006,
10060005,1006,
10060006,1006,
10060007,1006,
10070001,1007,
10070002,1007,
10070003,1007,
10070004,1007,
10070005,1007,
10070006,1007,
10070007,1007,
10070008,1007,
10080001,1008,
10080002,1008,
10080003,1008,
10080004,1008,
10080005,1008,
10080006,1008,
10080007,1008,
10080008,1008,
10080009,1008,
10080010,1008,
10080011,1008,
10080012,1008,
10080013,1008,
10080014,1008,
10080015,1008,
10080016,1008,
10090101,1009,
10090102,1009,
10090201,1009,
10090202,1009,
10090203,1009,
10090204,1009,
10090205,1009,
10090206,1009,
10090207,1009,
10090208,1009,
10090209,1009,
10090210,1009,
10100001,1010,
10100002,1010,
10100003,1010,
10100004,1010,
10100005,1010,
10110101,1011,
10110102,1011,
10110201,1011,
10110202,1011,
10110203,1011,
10110204,1011,
10110205,1011,
10120101,1012,
10120102,1012,
10120103,1012,
10120104,1012,
10120105,1012,
10120106,1012,
10120107,1012,
10120108,1012,
10120109,1012,
10120110,1012,
10120111,1012,
10120112,1012,
10120113,1012,
10120201,1012,
10120202,1012,
10120203,1012,
10130101,1013,
10130102,1013,
10130103,1013,
10130104,1013,
10130105,1013,
10130106,1013,
10130201,1013,
10130202,1013,
10130203,1013,
10130204,1013,
10130205,1013,
10130206,1013,
10130301,1013,
10130302,1013,
10130303,1013,
10130304,1013,
10130305,1013,
10130306,1013,
10140101,1014,
10140102,1014,
10140103,1014,
10140104,1014,
10140105,1014,
10140201,1014,
10140202,1014,
10140203,1014,
10140204,1014,
10150001,1015,
10150002,1015,
10150003,1015,
10150004,1015,
10150005,1015,
10150006,1015,
10150007,1015,
10160001,1016,
10160002,1016,
10160003,1016,
10160004,1016,
10160005,1016,
10160006,1016,
10160007,1016,
10160008,1016,
10160009,1016,
10160011,1016,
10170101,1017,
10170102,1017,
10170103,1017,
10170201,1017,
10170202,1017,
10170203,1017,
10170204,1017,
10180001,1018,
10180002,1018,
10180003,1018,
10180004,1018,
10180005,1018,
10180006,1018,
10180007,1018,
10180008,1018,
10180009,1018,
10180010,1018,
10180011,1018,
10180012,1018,
10180013,1018,
10180014,1018,
10190001,1019,
10190002,1019,
10190003,1019,
10190004,1019,
10190005,1019,
10190006,1019,
10190007,1019,
10190008,1019,
10190009,1019,
10190010,1019,
10190011,1019,
10190012,1019,
10190013,1019,
10190014,1019,
10190015,1019,
10190016,1019,
10190017,1019,
10190018,1019,
10200101,1020,
10200102,1020,
10200103,1020,
10200201,1020,
10200202,1020,
10200203,1020,
10210001,1021,
10210002,1021,
10210003,1021,
10210004,1021,
10210005,1021,
10210006,1021,
10210007,1021,
10210008,1021,
10210009,1021,
10210010,1021,
10220001,1022,
10220002,1022,
10220003,1022,
10220004,1022,
10230001,1023,
10230002,1023,
10230003,1023,
10230004,1023,
10230005,1023,
10230006,1023,
10230007,1023,
10240001,1024,
10240002,1024,
10240003,1024,
10240004,1024,
10240005,1024,
10240006,1024,
10240007,1024,
10240008,1024,
10240009,1024,
10240010,1024,
10240011,1024,
10240012,1024,
10240013,1024,
10250001,1025,
10250002,1025,
10250003,1025,
10250004,1025,
10250005,1025,
10250006,1025,
10250007,1025,
10250008,1025,
10250009,1025,
10250010,1025,
10250011,1025,
10250012,1025,
10250013,1025,
10250014,1025,
10250015,1025,
10250016,1025,
10250017,1025,
10260001,1026,
10260002,1026,
10260003,1026,
10260004,1026,
10260005,1026,
10260006,1026,
10260007,1026,
10260008,1026,
10260009,1026,
10260010,1026,
10260011,1026,
10260012,1026,
10260013,1026,
10260014,1026,
10260015,1026,
10270101,1027,
10270102,1027,
10270103,1027,
10270104,1027,
10270201,1027,
10270202,1027,
10270203,1027,
10270204,1027,
10270205,1027,
10270206,1027,
10270207,1027,
10280101,1028,
10280102,1028,
10280103,1028,
10280201,1028,
10280202,1028,
10280203,1028,
10290101,1029,
10290102,1029,
10290103,1029,
10290104,1029,
10290105,1029,
10290106,1029,
10290107,1029,
10290108,1029,
10290109,1029,
10290110,1029,
10290111,1029,
10290201,1029,
10290202,1029,
10290203,1029,
10300101,1030,
10300102,1030,
10300103,1030,
10300104,1030,
10300200,1030,
11010001,1101,
11010002,1101,
11010003,1101,
11010004,1101,
11010005,1101,
11010006,1101,
11010007,1101,
11010008,1101,
11010009,1101,
11010010,1101,
11010011,1101,
11010012,1101,
11010013,1101,
11010014,1101,
11020001,1102,
11020002,1102,
11020003,1102,
11020004,1102,
11020005,1102,
11020006,1102,
11020007,1102,
11020008,1102,
11020009,1102,
11020010,1102,
11020011,1102,
11020012,1102,
11020013,1102,
11030001,1103,
11030002,1103,
11030003,1103,
11030004,1103,
11030005,1103,
11030006,1103,
11030007,1103,
11030008,1103,
11030009,1103,
11030010,1103,
11030011,1103,
11030012,1103,
11030013,1103,
11030014,1103,
11030015,1103,
11030016,1103,
11030017,1103,
11030018,1103,
11040001,1104,
11040002,1104,
11040003,1104,
11040004,1104,
11040005,1104,
11040006,1104,
11040007,1104,
11040008,1104,
11050001,1105,
11050002,1105,
11050003,1105,
11060001,1106,
11060002,1106,
11060003,1106,
11060004,1106,
11060005,1106,
11060006,1106,
11070101,1107,
11070102,1107,
11070103,1107,
11070104,1107,
11070105,1107,
11070106,1107,
11070107,1107,
11070201,1107,
11070202,1107,
11070203,1107,
11070204,1107,
11070205,1107,
11070206,1107,
11070207,1107,
11070208,1107,
11070209,1107,
11080001,1108,
11080002,1108,
11080003,1108,
11080004,1108,
11080005,1108,
11080006,1108,
11080007,1108,
11080008,1108,
11090101,1109,
11090102,1109,
11090103,1109,
11090104,1109,
11090105,1109,
11090106,1109,
11090201,1109,
11090202,1109,
11090203,1109,
11090204,1109,
11100101,1110,
11100102,1110,
11100103,1110,
11100104,1110,
11100201,1110,
11100202,1110,
11100203,1110,
11100301,1110,
11100302,1110,
11100303,1110,
11110101,1111,
11110102,1111,
11110103,1111,
11110104,1111,
11110105,1111,
11110201,1111,
11110202,1111,
11110203,1111,
11110204,1111,
11110205,1111,
11110206,1111,
11110207,1111,
11120101,1112,
11120102,1112,
11120103,1112,
11120104,1112,
11120105,1112,
11120201,1112,
11120202,1112,
11120301,1112,
11120302,1112,
11120303,1112,
11120304,1112,
11130101,1113,
11130102,1113,
11130103,1113,
11130104,1113,
11130105,1113,
11130201,1113,
11130202,1113,
11130203,1113,
11130204,1113,
11130205,1113,
11130206,1113,
11130207,1113,
11130208,1113,
11130209,1113,
11130210,1113,
11130301,1113,
11130302,1113,
11130303,1113,
11130304,1113,
11140101,1114,
11140102,1114,
11140103,1114,
11140104,1114,
11140105,1114,
11140106,1114,
11140107,1114,
11140108,1114,
11140109,1114,
11140201,1114,
11140202,1114,
11140203,1114,
11140204,1114,
11140205,1114,
11140206,1114,
11140207,1114,
11140208,1114,
11140209,1114,
11140301,1114,
11140302,1114,
11140303,1114,
11140304,1114,
11140305,1114,
11140306,1114,
11140307,1114,
12010001,1201,
12010002,1201,
12010003,1201,
12010004,1201,
12010005,1201,
12020001,1202,
12020002,1202,
12020003,1202,
12020004,1202,
12020005,1202,
12020006,1202,
12020007,1202,
12030101,1203,
12030102,1203,
12030103,1203,
12030104,1203,
12030105,1203,
12030106,1203,
12030107,1203,
12030108,1203,
12030109,1203,
12030201,1203,
12030202,1203,
12030203,1203,
12040101,1204,
12040102,1204,
12040103,1204,
12040104,1204,
12040201,1204,
12040202,1204,
12040203,1204,
12040204,1204,
12040205,1204,
12050001,1205,
12050002,1205,
12050003,1205,
12050004,1205,
12050005,1205,
12050006,1205,
12050007,1205,
12060101,1206,
12060102,1206,
12060103,1206,
12060104,1206,
12060105,1206,
12060201,1206,
12060202,1206,
12060203,1206,
12060204,1206,
12070101,1207,
12070102,1207,
12070103,1207,
12070104,1207,
12070201,1207,
12070202,1207,
12070203,1207,
12070204,1207,
12070205,1207,
12080001,1208,
12080002,1208,
12080003,1208,
12080004,1208,
12080005,1208,
12080006,1208,
12080007,1208,
12080008,1208,
12090101,1209,
12090102,1209,
12090103,1209,
12090104,1209,
12090105,1209,
12090106,1209,
12090107,1209,
12090108,1209,
12090109,1209,
12090110,1209,
12090201,1209,
12090202,1209,
12090203,1209,
12090204,1209,
12090205,1209,
12090206,1209,
12090301,1209,
12090302,1209,
12090401,1209,
12090402,1209,
12100101,1210,
12100102,1210,
12100201,1210,
12100202,1210,
12100203,1210,
12100204,1210,
12100301,1210,
12100302,1210,
12100303,1210,
12100304,1210,
12100401,1210,
12100402,1210,
12100403,1210,
12100404,1210,
12100405,1210,
12100406,1210,
12100407,1210,
12110101,1211,
12110102,1211,
12110103,1211,
12110104,1211,
12110105,1211,
12110106,1211,
12110107,1211,
12110108,1211,
12110109,1211,
12110110,1211,
12110111,1211,
12110201,1211,
12110202,1211,
12110203,1211,
12110204,1211,
12110205,1211,
12110206,1211,
12110207,1211,
12110208,1211,
13010001,1301,
13010002,1301,
13010003,1301,
13010004,1301,
13010005,1301,
13020101,1302,
13020102,1302,
13020201,1302,
13020202,1302,
13020203,1302,
13020204,1302,
13020205,1302,
13020206,1302,
13020207,1302,
13020208,1302,
13020209,1302,
13020210,1302,
13020211,1302,
13030101,1303,
13030102,1303,
13030103,1303,
13030201,1303,
13030202,1303,
13040100,1304,
13040201,1304,
13040202,1304,
13040203,1304,
13040204,1304,
13040205,1304,
13040206,1304,
13040207,1304,
13040208,1304,
13040209,1304,
13040210,1304,
13040211,1304,
13040212,1304,
13040301,1304,
13040302,1304,
13040303,1304,
13050001,1305,
13050002,1305,
13050003,1305,
13050004,1305,
13060001,1306,
13060002,1306,
13060003,1306,
13060004,1306,
13060005,1306,
13060006,1306,
13060007,1306,
13060008,1306,
13060009,1306,
13060010,1306,
13060011,1306,
13070001,1307,
13070002,1307,
13070003,1307,
13070004,1307,
13070005,1307,
13070006,1307,
13070007,1307,
13070008,1307,
13070009,1307,
13070010,1307,
13070011,1307,
13070012,1307,
13080001,1308,
13080002,1308,
13080003,1308,
13090001,1309,
13090002,1309,
13100000,1310,
13110000,1311,
13120000,1312,
14010001,1401,
14010002,1401,
14010003,1401,
14010004,1401,
14010005,1401,
14020001,1402,
14020002,1402,
14020003,1402,
14020004,1402,
14020005,1402,
14020006,1402,
14030001,1403,
14030002,1403,
14030003,1403,
14030004,1403,
14030005,1403,
14040101,1404,
14040102,1404,
14040103,1404,
14040104,1404,
14040105,1404,
14040106,1404,
14040107,1404,
14040108,1404,
14040109,1404,
14040200,1404,
14050001,1405,
14050002,1405,
14050003,1405,
14050004,1405,
14050005,1405,
14050006,1405,
14050007,1405,
14060003,1406,
14060004,1406,
14060005,1406,
14060006,1406,
14060007,1406,
14060008,1406,
14060009,1406,
14060010,1406,
14070001,1407,
14070002,1407,
14070003,1407,
14070004,1407,
14070005,1407,
14070006,1407,
14070007,1407,
14080101,1408,
14080102,1408,
14080103,1408,
14080104,1408,
14080105,1408,
14080106,1408,
14080107,1408,
14080201,1408,
14080202,1408,
14080203,1408,
14080204,1408,
14080205,1408,
15010001,1501,
15010002,1501,
15010003,1501,
15010004,1501,
15010005,1501,
15010006,1501,
15010007,1501,
15010008,1501,
15010009,1501,
15010010,1501,
15010011,1501,
15010012,1501,
15010013,1501,
15010014,1501,
15010015,1501,
15020001,1502,
15020002,1502,
15020003,1502,
15020004,1502,
15020005,1502,
15020006,1502,
15020007,1502,
15020008,1502,
15020009,1502,
15020010,1502,
15020011,1502,
15020012,1502,
15020013,1502,
15020014,1502,
15020015,1502,
15020016,1502,
15020017,1502,
15020018,1502,
15030101,1503,
15030102,1503,
15030103,1503,
15030104,1503,
15030105,1503,
15030106,1503,
15030107,1503,
15030108,1503,
15030201,1503,
15030202,1503,
15030203,1503,
15030204,1503,
15040001,1504,
15040002,1504,
15040003,1504,
15040004,1504,
15040005,1504,
15040006,1504,
15040007,1504,
15050100,1505,
15050201,1505,
15050202,1505,
15050203,1505,
15050301,1505,
15050302,1505,
15050303,1505,
15050304,1505,
15050305,1505,
15050306,1505,
15060101,1506,
15060102,1506,
15060103,1506,
15060104,1506,
15060105,1506,
15060106,1506,
15060201,1506,
15060202,1506,
15060203,1506,
15070101,1507,
15070102,1507,
15070103,1507,
15070104,1507,
15070201,1507,
15070202,1507,
15070203,1507,
15080101,1508,
15080102,1508,
15080103,1508,
15080200,1508,
15080301,1508,
15080302,1508,
15080303,1508,
16010101,1601,
16010102,1601,
16010201,1601,
16010202,1601,
16010203,1601,
16010204,1601,
16020101,1602,
16020102,1602,
16020201,1602,
16020202,1602,
16020203,1602,
16020204,1602,
16020301,1602,
16020302,1602,
16020303,1602,
16020304,1602,
16020305,1602,
16020306,1602,
16020307,1602,
16020308,1602,
16020309,1602,
16020310,1602,
16030001,1603,
16030002,1603,
16030003,1603,
16030004,1603,
16030005,1603,
16030006,1603,
16030007,1603,
16030008,1603,
16030009,1603,
16040101,1604,
16040102,1604,
16040103,1604,
16040104,1604,
16040105,1604,
16040106,1604,
16040107,1604,
16040108,1604,
16040109,1604,
16040201,1604,
16040202,1604,
16040203,1604,
16040204,1604,
16040205,1604,
16050101,1605,
16050102,1605,
16050103,1605,
16050104,1605,
16050201,1605,
16050202,1605,
16050203,1605,
16050301,1605,
16050302,1605,
16050303,1605,
16050304,1605,
16060001,1606,
16060002,1606,
16060003,1606,
16060004,1606,
16060005,1606,
16060006,1606,
16060007,1606,
16060008,1606,
16060009,1606,
16060010,1606,
16060011,1606,
16060012,1606,
16060013,1606,
16060014,1606,
16060015,1606,
17010101,1701,NW
17010102,1701,NW
17010103,1701,NW
17010104,1701,NW
17010105,1701,NW
17010106,1701,NW
17010107,1701,NW
17010108,1701,NW
17010109,1701,NW
17010110,1701,NW
17010201,1701,NW
17010202,1701,NW
17010203,1701,NW
17010204,1701,NW
17010205,1701,NW
17010206,1701,NW
17010207,1701,NW
17010208,1701,NW
17010209,1701,NW
17010210,1701,NW
17010211,1701,NW
17010212,1701,NW
17010213,1701,NW
17010214,1701,NW
17010215,1701,NW
17010216,1701,NW
17010301,1701,NW
17010302,1701,NW
17010303,1701,NW
17010304,1701,NW
17010305,1701,NW
17010306,1701,NW
17010307,1701,NW
17010308,1701,NW
17020001,1702,
17020002,1702,
17020003,1702,
17020004,1702,
17020005,1702,
17020006,1702,
17020007,1702,
17020008,1702,
17020009,1702,
17020010,1702,
17020011,1702,
17020012,1702,
17020013,1702,
17020014,1702,
17020015,1702,
17020016,1702,
17020017,1702,
17020018,1702,
17020019,1702,
17020020,1702,
17020021,1702,
17030001,1703,
17030002,1703,
17030003,1703,
17040101,1704,
17040102,1704,
17040103,1704,
17040104,1704,
17040105,1704,
17040201,1704,
17040202,1704,
17040203,1704,
17040204,1704,
17040205,1704,
17040206,1704,
17040207,1704,
17040208,1704,
17040209,1704,
17040210,1704,
17040211,1704,
17040212,1704,
17040213,1704,
17040214,1704,
17040215,1704,
17040216,1704,
17040217,1704,
17040218,1704,
17040219,1704,
17040220,1704,
17040221,1704,
17050101,1705,
17050102,1705,
17050103,1705,
17050104,1705,
17050105,1705,
17050106,1705,
17050107,1705,
17050108,1705,
17050109,1705,
17050110,1705,
17050111,1705,
17050112,1705,
17050113,1705,
17050114,1705,
17050115,1705,
17050116,1705,
17050117,1705,
17050118,1705,
17050119,1705,
17050120,1705,
17050121,1705,
17050122,1705,
17050123,1705,
17050124,1705,
17050201,1705,
17050202,1705,
17050203,1705,
17060101,1706,
17060102,1706,
17060103,1706,
17060104,1706,
17060105,1706,
17060106,1706,
17060107,1706,
17060108,1706,
17060109,1706,
17060110,1706,
17060201,1706,
17060202,1706,
17060203,1706,
17060204,1706,
17060205,1706,
17060206,1706,
17060207,1706,
17060208,1706,
17060209,1706,
17060210,1706,
17060301,1706,
17060302,1706,
17060303,1706,
17060304,1706,
17060305,1706,
17060306,1706,
17060307,1706,
17060308,1706,
17070101,1707,NW
17070102,1707,NW
17070103,1707,NW
17070104,1707,NW
17070105,1707,NW
17070106,1707,NW
17070201,1707,NW
17070202,1707,NW
17070203,1707,NW
17070204,1707,NW
17070301,1707,NW
17070302,1707,NW
17070303,1707,NW
17070304,1707,NW
17070305,1707,NW
17070306,1707,NW
17070307,1707,NW
17080001,1708,NW
17080002,1708,NW
17080003,1708,NW
17080004,1708,NW
17080005,1708,NW
17080006,1708,NW
17090001,1709,NW
17090002,1709,NW
17090003,1709,NW
17090004,1709,NW
17090005,1709,NW
17090006,1709,NW
17090007,1709,NW
17090008,1709,NW
17090009,1709,NW
17090010,1709,NW
17090011,1709,NW
17090012,1709,NW
17100101,1710,NW
17100102,1710,NW
17100103,1710,NW
17100104,1710,NW
17100105,1710,NW
17100106,1710,NW
17100201,1710,NW
17100202,1710,NW
17100203,1710,NW
17100204,1710,NW
17100205,1710,NW
17100206,1710,NW
17100207,1710,NW
17100301,1710,NW
17100302,1710,NW
17100303,1710,NW
17100304,1710,NW
17100305,1710,NW
17100306,1710,NW
17100307,1710,NW
17100308,1710,NW
17100309,1710,NW
17100310,1710,NW
17100311,1710,NW
17100312,1710,NW
17110001,1711,
17110002,1711,
17110003,1711,
17110004,1711,
17110005,1711,
17110006,1711,
17110007,1711,
17110008,1711,
17110009,1711,
17110010,1711,
17110011,1711,
17110012,1711,
17110013,1711,
17110014,1711,
17110015,1711,
17110016,1711,
17110017,1711,
17110018,1711,
17110019,1711,
17110020,1711,
17110021,1711,
17120001,1712,
17120002,1712,
17120003,1712,
17120004,1712,
17120005,1712,
17120006,1712,
17120007,1712,
17120008,1712,
17120009,1712,
18010101,1801,NW
18010102,1801,NW
18010103,1801,NW
18010104,1801,NW
18010105,1801,NW
18010106,1801,NW
18010107,1801,NW
18010108,1801,NW
18010109,1801,NW
18010110,1801,NW
18010201,1801,NW
18010202,1801,NW
18010203,1801,NW
18010204,1801,NW
18010205,1801,NW
18010206,1801,NW
18010207,1801,NW
18010208,1801,NW
18010209,1801,NW
18010210,1801,NW
18010211,1801,NW
18010212,1801,NW
18020001,1802,
18020002,1802,
18020003,1802,
18020004,1802,
18020005,1802,
18020104,1802,
18020111,1802,
18020115,1802,
18020116,1802,
18020121,1802,
18020122,1802,
18020123,1802,
18020125,1802,
18020126,1802,
18020128,1802,
18020129,1802,
18020151,1802,
18020152,1802,
18020153,1802,
18020154,1802,
18020155,1802,
18020156,1802,
18020157,1802,
18020158,1802,
18020159,1802,
18020161,1802,
18020162,1802,
18020163,1802,
18030001,1803,
18030002,1803,
18030003,1803,
18030004,1803,
18030005,1803,
18030006,1803,
18030007,1803,
18030009,1803,
18030010,1803,
18030012,1803,
18040001,1804,
18040002,1804,
18040003,1804,
18040006,1804,
18040007,1804,
18040008,1804,
18040009,1804,
18040010,1804,
18040011,1804,
18040012,1804,
18040013,1804,
18040014,1804,
18040051,1804,
18050001,1805,
18050002,1805,
18050003,1805,
18050004,1805,
18050005,1805,
18050006,1805,
18060002,1806,
18060003,1806,
18060004,1806,
18060005,1806,
18060006,1806,
18060007,1806,
18060008,1806,
18060009,1806,
18060010,1806,
18060013,1806,
18060014,1806,
18060015,1806,
18070101,1807,
18070102,1807,
18070103,1807,
18070104,1807,
18070105,1807,
18070106,1807,
18070107,1807,
18070201,1807,
18070202,1807,
18070203,1807,
18070204,1807,
18070301,1807,
18070302,1807,
18070303,1807,
18070304,1807,
18070305,1807,
18080001,1808,
18080002,1808,
18080003,1808,
18090101,1809,
18090102,1809,
18090103,1809,
18090201,1809,
18090202,1809,
18090203,1809,
18090204,1809,
18090205,1809,
18090206,1809,
18090207,1809,
18090208,1809,
18100100,1810,
18100201,1810,
18100202,1810,
18100203,1810,
18100204,1810,
